{
  "mean": {
    "vital_220045_mean": 85.30859472838996,
    "vital_220045_min": 78.22183566217718,
    "vital_220045_max": 93.49784976944179,
    "vital_220045_std": 5.922023698562135,
    "vital_220045_missing": 0.0035645246355508913,
    "vital_220179_mean": 121.29737211247883,
    "vital_220179_min": 109.28032133655897,
    "vital_220179_max": 133.6417720491807,
    "vital_220179_std": 10.3191502480296,
    "vital_220179_missing": 0.2960138729758325,
    "vital_220210_mean": 20.0631487598575,
    "vital_220210_min": 16.16916114842852,
    "vital_220210_max": 24.421357042816044,
    "vital_220210_std": 3.1901547123809952,
    "vital_220210_missing": 0.011618938195293587,
    "vital_220277_mean": 96.60941280911322,
    "vital_220277_min": 94.49271533042082,
    "vital_220277_max": 98.22966837043049,
    "vital_220277_std": 1.489498574947416,
    "vital_220277_missing": 0.00876261143151181,
    "vital_223761_mean": 98.54923128063848,
    "vital_223761_min": 98.37103059930443,
    "vital_223761_max": 98.72912219130558,
    "vital_223761_std": 0.43554848380066313,
    "vital_223761_missing": 0.12302531005052596,
    "vital_223900_mean": 3.187142146690815,
    "vital_223900_min": 3.138955252328248,
    "vital_223900_max": 3.2355291407090054,
    "vital_223900_std": 0.1165946110711421,
    "vital_223900_missing": 0.1075733311081799,
    "lab_50912_last": 1.3913556575940456,
    "lab_50912_missing": 0.6043345560979367,
    "lab_50813_last": 2.2222924177580077,
    "lab_50813_missing": 0.8321132431932236,
    "lab_51301_last": 12.078621979792063,
    "lab_51301_missing": 0.6555762024119379,
    "lab_50885_last": 2.8286174095468,
    "lab_50885_missing": 0.8915269794504941,
    "icu_hours_elapsed": 133.53435134102938,
    "time_of_day": 11.695958458097044
  },
  "std": {
    "vital_220045_mean": 16.9616380410051,
    "vital_220045_min": 16.506465447106123,
    "vital_220045_max": 19.251477233329176,
    "vital_220045_std": 4.393403150325852,
    "vital_220045_missing": 0.05959716939050934,
    "vital_220179_mean": 19.276264999461795,
    "vital_220179_min": 19.74801255008143,
    "vital_220179_max": 22.229004799933104,
    "vital_220179_std": 6.022591023632947,
    "vital_220179_missing": 0.4564974073465419,
    "vital_220210_mean": 4.796765977621174,
    "vital_220210_min": 4.797912816211318,
    "vital_220210_max": 6.205501319123266,
    "vital_220210_std": 1.9704295880501213,
    "vital_220210_missing": 0.10716319683487094,
    "vital_220277_mean": 2.609993556680549,
    "vital_220277_min": 4.025404662510551,
    "vital_220277_max": 2.1916568543957,
    "vital_220277_std": 1.3084609399157798,
    "vital_220277_missing": 0.09319783991270034,
    "vital_223761_mean": 0.9909651516986316,
    "vital_223761_min": 0.9570691406101248,
    "vital_223761_max": 1.1133125675228133,
    "vital_223761_std": 0.4321969803004304,
    "vital_223761_missing": 0.3284664344447494,
    "vital_223900_mean": 1.8593145623822833,
    "vital_223900_min": 1.8779708558073103,
    "vital_223900_max": 1.8753785931071707,
    "vital_223900_std": 0.46285776576840076,
    "vital_223900_missing": 0.30984094668615036,
    "lab_50912_last": 1.4187244133243642,
    "lab_50912_missing": 0.4889934112082543,
    "lab_50813_last": 2.13511001366983,
    "lab_50813_missing": 0.37376589350246336,
    "lab_51301_last": 9.009185022305108,
    "lab_51301_missing": 0.47518026768441174,
    "lab_50885_last": 5.900988640749659,
    "lab_50885_missing": 0.31097705352293864,
    "icu_hours_elapsed": 209.0002161395201,
    "time_of_day": 6.888551360961431
  },
  "p10": {
    "vital_220045_mean": 64.33333333333333,
    "vital_220045_min": 58.0,
    "vital_220045_max": 70.0,
    "vital_220045_std": 1.9663841605003505,
    "vital_220045_missing": 0.0,
    "vital_220179_mean": 98.0,
    "vital_220179_min": 86.0,
    "vital_220179_max": 107.0,
    "vital_220179_std": 4.159326868617085,
    "vital_220179_missing": 0.0,
    "vital_220210_mean": 14.5,
    "vital_220210_min": 11.0,
    "vital_220210_max": 17.0,
    "vital_220210_std": 1.0954451150103321,
    "vital_220210_missing": 0.0,
    "vital_220277_mean": 93.66666666666667,
    "vital_220277_min": 91.0,
    "vital_220277_max": 96.0,
    "vital_220277_std": 0.4082482904638644,
    "vital_220277_missing": 0.0,
    "vital_223761_mean": 97.5,
    "vital_223761_min": 97.4,
    "vital_223761_max": 97.6,
    "vital_223761_std": 0.07071067811865074,
    "vital_223761_missing": 0.0,
    "vital_223900_mean": 1.0,
    "vital_223900_min": 1.0,
    "vital_223900_max": 1.0,
    "vital_223900_std": 0.0,
    "vital_223900_missing": 0.0,
    "lab_50912_last": 0.5,
    "lab_50912_missing": 0.0,
    "lab_50813_last": 0.9,
    "lab_50813_missing": 0.0,
    "lab_51301_last": 5.7,
    "lab_51301_missing": 0.0,
    "lab_50885_last": 0.3,
    "lab_50885_missing": 0.0,
    "icu_hours_elapsed": 9.0,
    "time_of_day": 2.0
  },
  "p90": {
    "vital_220045_mean": 107.9557312252964,
    "vital_220045_min": 100.0,
    "vital_220045_max": 119.0,
    "vital_220045_std": 10.843035948083385,
    "vital_220045_missing": 0.0,
    "vital_220179_mean": 147.5,
    "vital_220179_min": 136.0,
    "vital_220179_max": 163.0,
    "vital_220179_std": 17.907168024751062,
    "vital_220179_missing": 1.0,
    "vital_220210_mean": 26.5,
    "vital_220210_min": 22.0,
    "vital_220210_max": 32.0,
    "vital_220210_std": 5.648008498577176,
    "vital_220210_missing": 0.0,
    "vital_220277_mean": 99.6,
    "vital_220277_min": 99.0,
    "vital_220277_max": 100.0,
    "vital_220277_std": 2.7141603981096383,
    "vital_220277_missing": 0.0,
    "vital_223761_mean": 99.8,
    "vital_223761_min": 99.6,
    "vital_223761_max": 100.1,
    "vital_223761_std": 0.9899494936611706,
    "vital_223761_missing": 1.0,
    "vital_223900_mean": 5.0,
    "vital_223900_min": 5.0,
    "vital_223900_max": 5.0,
    "vital_223900_std": 0.0,
    "vital_223900_missing": 1.0,
    "lab_50912_last": 2.7,
    "lab_50912_missing": 1.0,
    "lab_50813_last": 3.9,
    "lab_50813_missing": 1.0,
    "lab_51301_last": 19.2,
    "lab_51301_missing": 1.0,
    "lab_50885_last": 7.0,
    "lab_50885_missing": 1.0,
    "icu_hours_elapsed": 345.0,
    "time_of_day": 21.0
  }
}